<?xml version="1.0" encoding="utf-8" ?>
<Defs>

<!--LMGII-->
				
	<RecipeDef>
		<defName>TR_makeLMGIIAmmo</defName>
		<label>make drum magazine - lewis gun</label>
		<description>Making drum magazine for lewis gun.</description>
		<jobString>Making drum magazine for lewis gun.</jobString>
		<effectWorking>Cook</effectWorking>
		<workSkill>Crafting</workSkill>
		<workSkillLearnFactor>0.25</workSkillLearnFactor>
		<soundWorking>Recipe_Machining</soundWorking>
		<workAmount>500</workAmount>
		<workSpeedStat>SmithingSpeed</workSpeedStat>
		<ingredients>
			<li>
			    <filter>
			      <thingDefs>
			        <li>Steel</li>
	     			 </thingDefs>
	  		    </filter>
				<count>10</count>
			</li>
			<li>
				<filter>
					<thingDefs>
						<li>Chemfuel</li>
					</thingDefs>
				</filter>
				<count>5</count>
			</li>
		</ingredients>
		<fixedIngredientFilter>
			<thingDefs>
			   <li>Chemfuel</li>
			   <li>Steel</li>
			</thingDefs>
		</fixedIngredientFilter>
		<products>
			<TR_AmmoLMGII>1</TR_AmmoLMGII>
		</products>
      <recipeUsers>
        <li>TableMachining</li>
      </recipeUsers>
	</RecipeDef>

<!--MMGII-->
				
	<RecipeDef>
		<defName>TR_makeMMGIIAmmo</defName>
		<label>make drum magazine - DP 1928</label>
		<description>Making drum magazine for DP 1928</description>
		<jobString>Making drum magazine for DP 1928</jobString>
		<effectWorking>Cook</effectWorking>
		<workSkill>Crafting</workSkill>
		<workSkillLearnFactor>0.25</workSkillLearnFactor>
		<soundWorking>Recipe_Machining</soundWorking>
		<workAmount>500</workAmount>
		<workSpeedStat>SmithingSpeed</workSpeedStat>
		<ingredients>
			<li>
			    <filter>
			      <thingDefs>
			        <li>Steel</li>
	     			 </thingDefs>
	  		    </filter>
				<count>10</count>
			</li>
			<li>
				<filter>
					<thingDefs>
						<li>Chemfuel</li>
					</thingDefs>
				</filter>
				<count>5</count>
			</li>
		</ingredients>
		<fixedIngredientFilter>
			<thingDefs>
			   <li>Chemfuel</li>
			   <li>Steel</li>
			</thingDefs>
		</fixedIngredientFilter>
		<products>
			<TR_AmmoMMGII>1</TR_AmmoMMGII>
		</products>
      <recipeUsers>
        <li>TableMachining</li>
      </recipeUsers>
	</RecipeDef>

<!--HMGII-->
				
	<RecipeDef>
		<defName>TR_makeHMGIIAmmo</defName>
		<label>make catridge belt - Browning M.2</label>
		<description>Making catridge belt for Browning M.2</description>
		<jobString>Making catridge belt for Browning M.2.</jobString>
		<effectWorking>Cook</effectWorking>
		<workSkill>Crafting</workSkill>
		<workSkillLearnFactor>0.25</workSkillLearnFactor>
		<soundWorking>Recipe_Machining</soundWorking>
		<workAmount>500</workAmount>
		<workSpeedStat>SmithingSpeed</workSpeedStat>
		<ingredients>
			<li>
			    <filter>
			      <thingDefs>
			        <li>Steel</li>
	     			 </thingDefs>
	  		    </filter>
				<count>12</count>
			</li>
			<li>
				<filter>
					<thingDefs>
						<li>Chemfuel</li>
					</thingDefs>
				</filter>
				<count>6</count>
			</li>
		</ingredients>
		<fixedIngredientFilter>
			<thingDefs>
			   <li>Chemfuel</li>
			   <li>Steel</li>
			</thingDefs>
		</fixedIngredientFilter>
		<products>
			<TR_AmmoHMGII>1</TR_AmmoHMGII>
		</products>
      <recipeUsers>
        <li>TableMachining</li>
      </recipeUsers>
	</RecipeDef>
	

</Defs>
