<?xml version="1.0" encoding="utf-8" ?>
<Defs>


  <!-- ================ LMGII ================ -->

  <ThingDef ParentName="BK_BuildingBaseLMG">
    <defName>BK_Base_LMGII</defName>
    <label>Lewis Gun</label>
    <description>Machine gun with low rate of fire.</description>
	    <thingClass>Building_TurretGun</thingClass>
    <graphicData>
      <texPath>Things/Mounted/MGBaseTrGunBunker</texPath>
      <graphicClass>Graphic_Multi</graphicClass>
      <drawSize>(1,1)</drawSize>
      <damageData>
        <rect>(0.38,0.2,0.56375,0.8)</rect>
        <cornerTL>Damage/Corner</cornerTL>
      </damageData>
    </graphicData>
	
	<researchPrerequisites>
      <li>Bunker2</li>
    </researchPrerequisites>
	
	 <uiIconPath>Things/Mounted/Icon/BunkerLMGII_Icon</uiIconPath>
    <altitudeLayer>Building</altitudeLayer>
    <hasInteractionCell>True</hasInteractionCell>
    <interactionCellOffset>(0,0,-1)</interactionCellOffset>
    <stealable>true</stealable>
    <rotatable>true</rotatable>
    <size>(1,1)</size>
    <statBases>
      <MaxHitPoints>1500</MaxHitPoints>
      <Flammability>0.1</Flammability>
      <WorkToBuild>1500</WorkToBuild>
      <Mass>380</Mass>
      <Beauty>-2</Beauty>
    </statBases>
    <tickerType>Normal</tickerType>
    <comps>
      <li Class="CompProperties_Forbiddable"/>
     
      <li Class="CompProperties_Mannable">
        <manWorkType>Violent</manWorkType>
      </li>
      <li Class="CompProperties_Breakdownable"/>
	  <li Class="CompProperties_Refuelable">
        <fuelLabel>Shots remaining</fuelLabel>
        <fuelGizmoLabel>Shots remaining</fuelGizmoLabel>
        <fuelFilter>
          <thingDefs>
            <li>TR_AmmoLMGII</li>
          </thingDefs>
        </fuelFilter>
        <fuelCapacity>36</fuelCapacity>
        <initialFuelPercent>1</initialFuelPercent>
        <autoRefuelPercent>0</autoRefuelPercent>
        <showFuelGizmo>true</showFuelGizmo>
        <minimumFueledThreshold>1</minimumFueledThreshold>
        <fuelMultiplier>36</fuelMultiplier>
        <factorByDifficulty>false</factorByDifficulty>
        <consumeFuelOnlyWhenUsed>true</consumeFuelOnlyWhenUsed>
        <outOfFuelMessage>Cannot shoot: Needs new magazine</outOfFuelMessage>
        <fuelIconPath>Things/Building/Mounted/Ammo/LMGII/TR_Cartridgebelt_LMGII</fuelIconPath>
      </li>
      
    </comps>
    <passability>Impassable</passability>
    <fillPercent>0.7</fillPercent>
    <castEdgeShadows>false</castEdgeShadows>
    <hasTooltip>true</hasTooltip>
       <costList>
      <Steel>160</Steel>
      <ComponentIndustrial>4</ComponentIndustrial>
    </costList>
	    <costStuffCount>12</costStuffCount>
	<stuffCategories>
      <li>Stony</li>
    </stuffCategories>
    <leaveResourcesWhenKilled>true</leaveResourcesWhenKilled>
    <terrainAffordanceNeeded>Heavy</terrainAffordanceNeeded>
    <designationCategory>Bunker</designationCategory>
      <building>
      <turretGunDef>BK_Gun_LMGII</turretGunDef>
      <turretBurstWarmupTime>1.5</turretBurstWarmupTime>
      <turretBurstCooldownTime>3.0</turretBurstCooldownTime>
	<blueprintGraphicData>
	<graphicClass>Graphic_Multi</graphicClass>
      <texPath>Things/Mounted/Blueprints/BunkerLMGII_BP</texPath>
    </blueprintGraphicData>
    </building>

  </ThingDef>

  
  <ThingDef ParentName="BaseBullet">
    <defName>BK_Bullet_LMGII</defName>
    <label>7.92mm Bullet</label>
    <graphicData>
      <texPath>Things/Bullets/LMGbullet</texPath>
      <graphicClass>Graphic_Single</graphicClass>
    </graphicData>
    <projectile>
     <damageDef>Bullet</damageDef>
      <damageAmountBase>8</damageAmountBase>
      <speed>100</speed>
      <flyOverhead>false</flyOverhead>
	  <soundImpactAnticipate>BK_Wizz</soundImpactAnticipate>
     </projectile>
      </ThingDef>
	 

  <ThingDef Name="BK_BaseWeaponLMGII" Abstract="True">
    <statBases>
      <MaxHitPoints>350</MaxHitPoints>
      <Flammability>0.1</Flammability>
      <DeteriorationRate>1</DeteriorationRate>
      <Beauty>-2</Beauty>
      <SellPriceFactor>0.20</SellPriceFactor>
    </statBases>
    <pathCost>10</pathCost>
    <altitudeLayer>Item</altitudeLayer>
    <thingClass>ThingWithComps</thingClass>
    <category>Item</category>
    <tickerType>Never</tickerType>
    <useHitPoints>true</useHitPoints>
    <comps>
      <li Class="CompProperties_Forbiddable" />
      <li>
        <compClass>CompEquippable</compClass>
      </li>
    </comps>
    <graphicData>
      <onGroundRandomRotateAngle>35</onGroundRandomRotateAngle>
    </graphicData>
    <selectable>true</selectable>
    <drawGUIOverlay>true</drawGUIOverlay>
    <alwaysHaulable>true</alwaysHaulable>
    <equipmentType>Primary</equipmentType>
  </ThingDef>

  <ThingDef ParentName="BK_BaseWeaponLMGII">
    <defName>BK_Gun_LMGII</defName>
    <label>Lewis Gun</label>
    <description>Machine gun with low rate of fire.</description>
     <graphicData>      
	 <graphicClass>Graphic_Single</graphicClass>
         <texPath>Things/Mounted/LMGIITrGunBunker</texPath>
    </graphicData>
	<techLevel>Industrial</techLevel>
    <menuHidden>true</menuHidden>
	<soundInteract>Interact_Rifle</soundInteract>
    <!--><canBeSpawningInventory>false</canBeSpawningInventory><-->
    <tradeability>None</tradeability>
    <destroyOnDrop>true</destroyOnDrop>
    <statBases>
      <MarketValue>800</MarketValue>
      <AccuracyTouch>0.30</AccuracyTouch>
      <AccuracyShort>0.80</AccuracyShort>
      <AccuracyMedium>0.70</AccuracyMedium>
      <AccuracyLong>0.60</AccuracyLong>
      <RangedWeapon_Cooldown>3</RangedWeapon_Cooldown>
	  <Mass>320</Mass>
    </statBases>
      <weaponTags>
      <li>Artillery</li>
    </weaponTags>
    <verbs>
      <li>
        <verbClass>Verb_Shoot</verbClass>
        <hasStandardCommand>true</hasStandardCommand>
		 <defaultProjectile>BK_Bullet_LMGII</defaultProjectile>
        <forcedMissRadius>0</forcedMissRadius>
        <warmupTime>1.5</warmupTime>
        <minRange>0</minRange>
        <range>30</range>
        <burstShotCount>6</burstShotCount>
        <ticksBetweenBurstShots>9</ticksBetweenBurstShots>
        <soundCast>TR_LMGII_Fire</soundCast>
        <muzzleFlashScale>20</muzzleFlashScale>
        <targetParams>
          <canTargetLocations>false</canTargetLocations>
        </targetParams>
        <requireLineOfSight>true</requireLineOfSight>
		<consumeFuelPerShot>1</consumeFuelPerShot>
      </li>
    </verbs>
     </ThingDef>
 
 
<!-- ================ MMGII ================ -->

  <ThingDef ParentName="BK_BuildingBaseLMG">
    <defName>BK_Base_MMGII</defName>
    <label>DP 1928</label>
    <description>Machine gun with moderate rate of fire.</description>
	    <thingClass>Building_TurretGun</thingClass>
    <graphicData>
      <texPath>Things/Mounted/MGBaseTrGunBunker</texPath>
      <graphicClass>Graphic_Multi</graphicClass>
      <drawSize>(1,1)</drawSize>
      <damageData>
        <rect>(0.38,0.2,0.56375,0.8)</rect>
        <cornerTL>Damage/Corner</cornerTL>
      </damageData>
    </graphicData>
	
	<researchPrerequisites>
      <li>Bunker2</li>
    </researchPrerequisites>
	
	 <uiIconPath>Things/Mounted/Icon/BunkerMMGII_Icon</uiIconPath>
    <altitudeLayer>Building</altitudeLayer>
    <hasInteractionCell>True</hasInteractionCell>
    <interactionCellOffset>(0,0,-1)</interactionCellOffset>
    <stealable>true</stealable>
    <rotatable>true</rotatable>
    <size>(1,1)</size>
    <statBases>
      <MaxHitPoints>1500</MaxHitPoints>
      <Flammability>0.1</Flammability>
      <WorkToBuild>1500</WorkToBuild>
      <Mass>380</Mass>
      <Beauty>-2</Beauty>
    </statBases>
    <tickerType>Normal</tickerType>
    <comps>
      <li Class="CompProperties_Forbiddable"/>
     
      <li Class="CompProperties_Mannable">
        <manWorkType>Violent</manWorkType>
      </li>
      <li Class="CompProperties_Breakdownable"/>
	  <li Class="CompProperties_Refuelable">
        <fuelLabel>Shots remaining</fuelLabel>
        <fuelGizmoLabel>Shots remaining</fuelGizmoLabel>
        <fuelFilter>
          <thingDefs>
            <li>TR_AmmoMMGII</li>
          </thingDefs>
        </fuelFilter>
        <fuelCapacity>36</fuelCapacity>
        <initialFuelPercent>1</initialFuelPercent>
        <autoRefuelPercent>0</autoRefuelPercent>
        <showFuelGizmo>true</showFuelGizmo>
        <minimumFueledThreshold>1</minimumFueledThreshold>
        <fuelMultiplier>36</fuelMultiplier>
        <factorByDifficulty>false</factorByDifficulty>
        <consumeFuelOnlyWhenUsed>true</consumeFuelOnlyWhenUsed>
        <outOfFuelMessage>Cannot shoot: Needs new magazine</outOfFuelMessage>
        <fuelIconPath>Things/Building/Mounted/Ammo/MMGII/TR_Cartridgebelt_MMGII</fuelIconPath>
      </li>
      
    </comps>
    <passability>Impassable</passability>
    <fillPercent>0.7</fillPercent>
    <castEdgeShadows>false</castEdgeShadows>
    <hasTooltip>true</hasTooltip>
       <costList>
      <Steel>160</Steel>
      <ComponentIndustrial>10</ComponentIndustrial>
    </costList>
	    <costStuffCount>12</costStuffCount>
	<stuffCategories>
      <li>Stony</li>
    </stuffCategories>
    <leaveResourcesWhenKilled>true</leaveResourcesWhenKilled>
    <terrainAffordanceNeeded>Heavy</terrainAffordanceNeeded>
    <designationCategory>Bunker</designationCategory>
      <building>
      <turretGunDef>BK_Gun_MMGII</turretGunDef>
      <turretBurstWarmupTime>1.5</turretBurstWarmupTime>
      <turretBurstCooldownTime>3</turretBurstCooldownTime>
	<blueprintGraphicData>
	<graphicClass>Graphic_Multi</graphicClass>
      <texPath>Things/Mounted/Blueprints/BunkerMMGII_BP</texPath>
    </blueprintGraphicData>
    </building>

  </ThingDef>

  
  <ThingDef ParentName="BaseBullet">
    <defName>BK_Bullet_MMGII</defName>
    <label>7.92mm Bullet</label>
    <graphicData>
      <texPath>Things/Bullets/MMGbullet</texPath>
      <graphicClass>Graphic_Single</graphicClass>
    </graphicData>
    <projectile>
     <damageDef>Bullet</damageDef>
      <damageAmountBase>10</damageAmountBase>
      <speed>120</speed>
      <flyOverhead>false</flyOverhead>
	  <soundImpactAnticipate>BK_Wizz</soundImpactAnticipate>
     </projectile>
      </ThingDef>
	 

  <ThingDef Name="BK_BaseWeaponMMGII" Abstract="True">
    <statBases>
      <MaxHitPoints>350</MaxHitPoints>
      <Flammability>0.1</Flammability>
      <DeteriorationRate>1</DeteriorationRate>
      <Beauty>-2</Beauty>
      <SellPriceFactor>0.20</SellPriceFactor>
    </statBases>
    <pathCost>10</pathCost>
    <altitudeLayer>Item</altitudeLayer>
    <thingClass>ThingWithComps</thingClass>
    <category>Item</category>
    <tickerType>Never</tickerType>
    <useHitPoints>true</useHitPoints>
    <comps>
      <li Class="CompProperties_Forbiddable" />
      <li>
        <compClass>CompEquippable</compClass>
      </li>
    </comps>
    <graphicData>
      <onGroundRandomRotateAngle>35</onGroundRandomRotateAngle>
    </graphicData>
    <selectable>true</selectable>
    <drawGUIOverlay>true</drawGUIOverlay>
    <alwaysHaulable>true</alwaysHaulable>
    <equipmentType>Primary</equipmentType>
  </ThingDef>

  <ThingDef ParentName="BK_BaseWeaponMMGII">
    <defName>BK_Gun_MMGII</defName>
    <label>DP 1928</label>
    <description>Machine gun with moderate rate of fire.</description>
     <graphicData>      
	 <graphicClass>Graphic_Single</graphicClass>
         <texPath>Things/Mounted/MMGIITrGunBunker</texPath>
    </graphicData>
	<techLevel>Industrial</techLevel>
    <menuHidden>true</menuHidden>
	<soundInteract>Interact_Rifle</soundInteract>
    <!--><canBeSpawningInventory>false</canBeSpawningInventory><-->
    <tradeability>None</tradeability>
    <destroyOnDrop>true</destroyOnDrop>
    <statBases>
      <MarketValue>800</MarketValue>
      <AccuracyTouch>0.30</AccuracyTouch>
      <AccuracyShort>0.80</AccuracyShort>
      <AccuracyMedium>0.70</AccuracyMedium>
      <AccuracyLong>0.60</AccuracyLong>
      <RangedWeapon_Cooldown>3</RangedWeapon_Cooldown>
	  <Mass>380</Mass>
    </statBases>
      <weaponTags>
      <li>Artillery</li>
    </weaponTags>
    <verbs>
      <li>
        <verbClass>Verb_Shoot</verbClass>
        <hasStandardCommand>true</hasStandardCommand>
		 <defaultProjectile>BK_Bullet_MMGII</defaultProjectile>
        <forcedMissRadius>0</forcedMissRadius>
        <warmupTime>1.5</warmupTime>
        <minRange>0</minRange>
        <range>30</range>
        <burstShotCount>6</burstShotCount>
        <ticksBetweenBurstShots>5</ticksBetweenBurstShots>
        <soundCast>TR_MMGII_Fire</soundCast>
        <muzzleFlashScale>20</muzzleFlashScale>
        <targetParams>
          <canTargetLocations>false</canTargetLocations>
        </targetParams>
        <requireLineOfSight>true</requireLineOfSight>
		<consumeFuelPerShot>1</consumeFuelPerShot>
      </li>
    </verbs>
     </ThingDef>
  
  
 <!-- ================ HMGII ================ -->

  <ThingDef ParentName="BK_BuildingBaseLMG">
    <defName>BK_Base_HMGII</defName>
    <label>Browning M.2</label>
    <description>Machine gun with high rate of fire.</description>
	    <thingClass>Building_TurretGun</thingClass>
    <graphicData>
      <texPath>Things/Mounted/HMGBaseTrGunBunker</texPath>
      <graphicClass>Graphic_Multi</graphicClass>
      <drawSize>(1,1)</drawSize>
      <damageData>
        <rect>(0.38,0.2,0.56375,0.8)</rect>
        <cornerTL>Damage/Corner</cornerTL>
      </damageData>
    </graphicData>
	
	<researchPrerequisites>
      <li>Bunker2</li>
    </researchPrerequisites>
	
	 <uiIconPath>Things/Mounted/Icon/BunkerHMGII_Icon</uiIconPath>
    <altitudeLayer>Building</altitudeLayer>
    <hasInteractionCell>True</hasInteractionCell>
    <interactionCellOffset>(0,0,-1)</interactionCellOffset>
    <stealable>true</stealable>
    <rotatable>true</rotatable>
    <size>(1,1)</size>
    <statBases>
      <MaxHitPoints>1500</MaxHitPoints>
      <Flammability>0.1</Flammability>
      <WorkToBuild>1500</WorkToBuild>
      <Mass>380</Mass>
      <Beauty>-2</Beauty>
    </statBases>
    <tickerType>Normal</tickerType>
    <comps>
      <li Class="CompProperties_Forbiddable"/>
     
      <li Class="CompProperties_Mannable">
        <manWorkType>Violent</manWorkType>
      </li>
      <li Class="CompProperties_Breakdownable"/>
	  <li Class="CompProperties_Refuelable">
        <fuelLabel>Shots remaining</fuelLabel>
        <fuelGizmoLabel>Shots remaining</fuelGizmoLabel>
        <fuelFilter>
          <thingDefs>
            <li>TR_AmmoHMGII</li>
          </thingDefs>
        </fuelFilter>
        <fuelCapacity>48</fuelCapacity>
        <initialFuelPercent>1</initialFuelPercent>
        <autoRefuelPercent>0</autoRefuelPercent>
        <showFuelGizmo>true</showFuelGizmo>
        <minimumFueledThreshold>1</minimumFueledThreshold>
        <fuelMultiplier>48</fuelMultiplier>
        <factorByDifficulty>false</factorByDifficulty>
        <consumeFuelOnlyWhenUsed>true</consumeFuelOnlyWhenUsed>
        <outOfFuelMessage>Cannot shoot: Needs new magazine</outOfFuelMessage>
        <fuelIconPath>Things/Building/Mounted/Ammo/HMGII/TR_Cartridgebelt_HMGII</fuelIconPath>
      </li>
      
    </comps>
    <passability>Impassable</passability>
    <fillPercent>0.7</fillPercent>
    <castEdgeShadows>false</castEdgeShadows>
    <hasTooltip>true</hasTooltip>
       <costList>
      <Steel>210</Steel>
      <ComponentIndustrial>15</ComponentIndustrial>
    </costList>
	    <costStuffCount>12</costStuffCount>
	<stuffCategories>
      <li>Stony</li>
    </stuffCategories>
    <leaveResourcesWhenKilled>true</leaveResourcesWhenKilled>
    <terrainAffordanceNeeded>Heavy</terrainAffordanceNeeded>
    <designationCategory>Bunker</designationCategory>
      <building>
      <turretGunDef>BK_Gun_HMGII</turretGunDef>
      <turretBurstWarmupTime>1.5</turretBurstWarmupTime>
      <turretBurstCooldownTime>3.0</turretBurstCooldownTime>
	<blueprintGraphicData>
	<graphicClass>Graphic_Multi</graphicClass>
      <texPath>Things/Mounted/Blueprints/BunkerHMGII_BP</texPath>
    </blueprintGraphicData>
    </building>


  </ThingDef>

  
  <ThingDef ParentName="BaseBullet">
    <defName>BK_Bullet_HMGII</defName>
    <label>50 cal. Bullet</label>
    <graphicData>
      <texPath>Things/Bullets/HMGbullet</texPath>
      <graphicClass>Graphic_Single</graphicClass>
    </graphicData>
    <projectile>
     <damageDef>Bullet</damageDef>
      <damageAmountBase>12</damageAmountBase>
      <speed>120</speed>
      <flyOverhead>false</flyOverhead>
	  <soundImpactAnticipate>BK_Wizz</soundImpactAnticipate>
     </projectile>
      </ThingDef>
	 

  <ThingDef Name="BK_BaseWeaponHMGII" Abstract="True">
    <statBases>
      <MaxHitPoints>350</MaxHitPoints>
      <Flammability>0.1</Flammability>
      <DeteriorationRate>1</DeteriorationRate>
      <Beauty>-2</Beauty>
      <SellPriceFactor>0.20</SellPriceFactor>
    </statBases>
    <pathCost>10</pathCost>
    <altitudeLayer>Item</altitudeLayer>
    <thingClass>ThingWithComps</thingClass>
    <category>Item</category>
    <tickerType>Never</tickerType>
    <useHitPoints>true</useHitPoints>
    <comps>
      <li Class="CompProperties_Forbiddable" />
      <li>
        <compClass>CompEquippable</compClass>
      </li>
    </comps>
    <graphicData>
      <onGroundRandomRotateAngle>35</onGroundRandomRotateAngle>
    </graphicData>
    <selectable>true</selectable>
    <drawGUIOverlay>true</drawGUIOverlay>
    <alwaysHaulable>true</alwaysHaulable>
    <equipmentType>Primary</equipmentType>
  </ThingDef>

  <ThingDef ParentName="BK_BaseWeaponHMGII">
    <defName>BK_Gun_HMGII</defName>
    <label>Browning M.2</label>
    <description>Machine gun with high rate of fire.</description>
     <graphicData>      
	 <graphicClass>Graphic_Single</graphicClass>
         <texPath>Things/Mounted/HMGIITrGunBunker</texPath>
    </graphicData>
	<techLevel>Industrial</techLevel>
    <menuHidden>true</menuHidden>
	<soundInteract>Interact_Rifle</soundInteract>
    <!--><canBeSpawningInventory>false</canBeSpawningInventory><-->
    <tradeability>None</tradeability>
    <destroyOnDrop>true</destroyOnDrop>
    <statBases>
      <MarketValue>800</MarketValue>
      <AccuracyTouch>0.30</AccuracyTouch>
      <AccuracyShort>0.80</AccuracyShort>
      <AccuracyMedium>0.65</AccuracyMedium>
      <AccuracyLong>0.50</AccuracyLong>
      <RangedWeapon_Cooldown>3</RangedWeapon_Cooldown>
	  <Mass>380</Mass>
    </statBases>
      <weaponTags>
      <li>Artillery</li>
    </weaponTags>
    <verbs>
      <li>
        <verbClass>Verb_Shoot</verbClass>
        <hasStandardCommand>true</hasStandardCommand>
		 <defaultProjectile>BK_Bullet_HMGII</defaultProjectile>
        <forcedMissRadius>0</forcedMissRadius>
        <warmupTime>1.5</warmupTime>
        <minRange>0</minRange>
        <range>30</range>
        <burstShotCount>8</burstShotCount>
        <ticksBetweenBurstShots>4</ticksBetweenBurstShots>
        <soundCast>TR_HMGII_Fire</soundCast>
        <muzzleFlashScale>20</muzzleFlashScale>
        <targetParams>
          <canTargetLocations>false</canTargetLocations>
        </targetParams>
        <requireLineOfSight>true</requireLineOfSight>
		<consumeFuelPerShot>1</consumeFuelPerShot>
      </li>
    </verbs>
     </ThingDef>

</Defs>
  
  